date,target,percent,basis,notes
2026-08-22,Work the plan/concept into a cleaner picture,0,,seed placeholder for the progress-ledger build - not a real judgment
2026-08-22,Prep a slide: succinct and structured,0,,seed placeholder for the progress-ledger build - not a real judgment
2026-08-22,Check what other info is needed post-Monday-feedback,0,,seed placeholder for the progress-ledger build - not a real judgment
2026-08-22,Plan what to work on next,0,,seed placeholder for the progress-ledger build - not a real judgment
2026-08-22,Build Tuesday's presentation succinct,0,,seed placeholder for the progress-ledger build - not a real judgment
2026-08-22,Finish wrapping up the formative study analysis,0,,seed placeholder for the progress-ledger build - not a real judgment
2026-08-22,Glean findings into implications for Challenges + Design Requirements,0,,seed placeholder for the progress-ledger build - not a real judgment
2026-08-22,Rough draft in Overleaf: formative study + DR for baseline,0,,seed placeholder for the progress-ledger build - not a real judgment
2026-08-22,Refine the introduction,0,,seed placeholder for the progress-ledger build - not a real judgment
2026-08-22,Read related-works papers,0,,seed placeholder for the progress-ledger build - not a real judgment
2026-08-22,Draft related works,0,,seed placeholder for the progress-ledger build - not a real judgment
2026-08-22,Write quantitative results,0,,seed placeholder for the progress-ledger build - not a real judgment
2026-08-22,Think through Selena's chart and suggest an alternative,0,,seed placeholder for the progress-ledger build - not a real judgment
